{"loss": 3.6666666666666665, "elbo": 4.0, "_timestamp": 1700503023.432951, "_runtime": 3.1281399726867676, "_step": 2, "_wandb": {"runtime": 2}}