{"loss": 3.6666666666666665, "elbo": 4.0, "_timestamp": 1700503135.155021, "_runtime": 2.8905670642852783, "_step": 2, "_wandb": {"runtime": 2}}