{"loss": 3.6666666666666665, "elbo": 4.0, "_timestamp": 1700504388.626046, "_runtime": 2.612684965133667, "_step": 2, "_wandb": {"runtime": 2}}