{"loss": 3.6666666666666665, "elbo": 4.0, "_timestamp": 1700504010.546623, "_runtime": 2.7256031036376953, "_step": 2, "_wandb": {"runtime": 2}}