{"loss": 3.6666666666666665, "elbo": 4.0, "_timestamp": 1700504447.5269089, "_runtime": 2.685520887374878, "_step": 2, "_wandb": {"runtime": 1}}