{"loss": 3.6666666666666665, "elbo": 4.0, "_timestamp": 1700503635.534774, "_runtime": 2.9230520725250244, "_step": 2, "_wandb": {"runtime": 2}}