{"loss": 3.6666666666666665, "elbo": 4.0, "_timestamp": 1700504356.536824, "_runtime": 2.471256971359253, "_step": 2, "_wandb": {"runtime": 2}}