{"loss": 3.6666666666666665, "elbo": 4.0, "_timestamp": 1700504218.4876401, "_runtime": 2.9945101737976074, "_step": 2, "_wandb": {"runtime": 2}}