{"loss": 3.6666666666666665, "elbo": 4.0, "_timestamp": 1700504252.865686, "_runtime": 2.4588708877563477, "_step": 2, "_wandb": {"runtime": 2}}