{"loss": 3.6666666666666665, "elbo": 4.0, "_timestamp": 1700503725.177463, "_runtime": 2.515994071960449, "_step": 2, "_wandb": {"runtime": 2}}