{"loss": 3.6666666666666665, "elbo": 4.0, "_timestamp": 1700503977.723317, "_runtime": 2.7514729499816895, "_step": 2, "_wandb": {"runtime": 2}}