{"loss": 3.6666666666666665, "elbo": 4.0, "_timestamp": 1700504316.967041, "_runtime": 2.532689094543457, "_step": 2, "_wandb": {"runtime": 2}}