{"loss": 3.6666666666666665, "elbo": 4.0, "_timestamp": 1700504037.141425, "_runtime": 2.4892489910125732, "_step": 2, "_wandb": {"runtime": 2}}