{"loss": 3.6666666666666665, "elbo": 4.0, "_timestamp": 1700504414.68114, "_runtime": 3.116644859313965, "_step": 2, "_wandb": {"runtime": 2}}