{"loss": 3.6666666666666665, "elbo": 4.0, "_timestamp": 1700504511.645189, "_runtime": 2.794739007949829, "_step": 2, "_wandb": {"runtime": 2}}